32,0.59999999999999998,-1.9291666666666667,-1.9791666666666667,2.5291666666666659,2.6041666666666661,881.5,325.5,988.5,435.5
33,0.59999999999999998,-1.9291666666666667,-1.8541666666666667,2.5291666666666659,2.520833333333333,1629.5,215.5,1736.5,320.5
34,0.59999999999999998,-1.9291666666666667,-1.9791666666666667,2.5291666666666659,2.6041666666666661,1427.5,325.5,1534.5,435.5
35,0.59999999999999998,-1.9008333333333334,-2.0208333333333335,2.5158333333333336,2.7708333333333335,1412.5,901.5,1518.5,1016.5
36,0.59999999999999998,-1.9683333333333333,-2.1875,2.5733333333333337,2.7708333333333326,1525.5,1373.5,1634.5,1492.5
37,0.59999999999999998,-1.9708333333333334,-2.0208333333333335,2.5708333333333333,2.7708333333333335,0.5,784.5,109.5,899.5
38,0.59999999999999998,-1.9375,-2.0208333333333335,2.5625,2.7708333333333335,458.5,784.5,566.5,899.5
39,0.59999999999999998,-1.9420000000000002,-2.0208333333333335,2.5579999999999994,2.7708333333333335,785.5,784.5,893.5,899.5
40,0.59999999999999998,-1.9450000000000001,-2.0208333333333335,2.5550000000000002,2.7708333333333335,1466.5,784.5,1574.5,899.5
41,0.59999999999999998,-1.9221666666666668,-2.0208333333333335,2.536166666666666,2.7708333333333335,220.5,668.5,327.5,783.5
42,0.59999999999999998,-1.9221666666666668,-2.0208333333333335,2.536166666666666,2.7708333333333335,328.5,668.5,435.5,783.5
43,0.59999999999999998,-1.9460000000000002,-2.0208333333333335,2.5539999999999994,2.7708333333333335,436.5,668.5,544.5,783.5
44,0.59999999999999998,-1.9291666666666665,-2.0208333333333335,2.5291666666666659,2.7708333333333335,545.5,668.5,652.5,783.5
45,0.59999999999999998,-1.9291666666666667,-2.0208333333333335,2.5291666666666659,2.7708333333333335,874.5,668.5,981.5,783.5
46,0.59999999999999998,-1.9800000000000002,-2.0208333333333335,2.5199999999999996,2.7708333333333335,982.5,668.5,1090.5,783.5
47,0.59999999999999998,-1.9275,-2.0208333333333335,2.5725000000000002,2.7708333333333335,1091.5,668.5,1199.5,783.5
48,0.59999999999999998,-1.8906666666666667,-2.0208333333333335,2.5676666666666663,2.7708333333333335,1200.5,668.5,1307.5,783.5
49,0.59999999999999998,-1.95,-2.0208333333333335,2.5500000000000003,2.7708333333333335,1308.5,668.5,1416.5,783.5
50,0.59999999999999998,-1.9291666666666667,-2.0208333333333335,2.5291666666666659,2.7708333333333335,1417.5,668.5,1524.5,783.5
51,0.59999999999999998,-1.9291666666666667,-2.0208333333333335,2.5291666666666659,2.7708333333333335,1525.5,668.5,1632.5,783.5
52,0.59999999999999998,-1.9305000000000001,-2.0208333333333335,2.5695000000000001,2.7708333333333335,0.5,552.5,108.5,667.5
53,0.59999999999999998,-1.944,-2.1875,2.556,2.7708333333333326,0.5,1252.5,108.5,1371.5
54,0.59999999999999998,-1.9330000000000003,-2.0208333333333335,2.5669999999999997,2.7708333333333335,218.5,552.5,326.5,667.5
55,0.59999999999999998,-1.95,-2.0208333333333335,2.5500000000000003,2.7708333333333335,327.5,552.5,435.5,667.5
56,0.59999999999999998,-1.9708333333333332,-2.0208333333333335,2.5708333333333337,2.7708333333333335,436.5,552.5,545.5,667.5
57,0.59999999999999998,-1.9291666666666667,-2.0208333333333335,2.5291666666666659,2.7708333333333335,546.5,552.5,653.5,667.5
58,0.59999999999999998,-1.9708333333333334,-2.0208333333333335,2.5708333333333333,2.7708333333333335,764.5,552.5,873.5,667.5
59,0.59999999999999998,-1.9916666666666665,-2.0208333333333335,2.5916666666666659,2.7708333333333335,985.5,552.5,1095.5,667.5
60,0.59999999999999998,-1.9916666666666667,-2.0208333333333335,2.5916666666666659,2.7708333333333335,1315.5,552.5,1425.5,667.5
61,0.59999999999999998,-1.9916666666666665,-2.0208333333333335,2.5916666666666659,2.7708333333333335,1426.5,552.5,1536.5,667.5
62,0.59999999999999998,-1.9291666666666667,-2.0208333333333335,2.5291666666666659,2.7708333333333335,1537.5,552.5,1644.5,667.5
63,0.59999999999999998,-1.8208333333333335,-2.145833333333333,2.4708333333333332,2.8541666666666665,762.5,1616.5,865.5,1736.5
64,0.59999999999999998,-1.9504999999999999,-2.145833333333333,2.5495000000000001,2.8541666666666665,866.5,1616.5,974.5,1736.5
65,0.59999999999999998,-1.8708333333333336,-2.145833333333333,2.4208333333333329,2.8541666666666665,975.5,1616.5,1078.5,1736.5
66,0.59999999999999998,-1.9500000000000002,-1.6875,2.5499999999999994,2.770833333333333,322.5,102.5,430.5,209.5
67,0.59999999999999998,-1.9500000000000002,-2.145833333333333,2.5499999999999994,1.9791666666666665,106.5,1.5,214.5,100.5
68,0.59999999999999998,-1.8595000000000004,-1.3958333333333335,2.3904999999999994,2.8124999999999991,1277.5,108.5,1379.5,209.5
69,0.59999999999999998,-1.9595000000000002,-2.0208333333333335,2.5404999999999998,2.5624999999999996,1318.5,325.5,1426.5,435.5
70,0.59999999999999998,-1.9261666666666668,-2.0208333333333335,2.532166666666666,2.7708333333333335,218.5,436.5,325.5,551.5
71,0.59999999999999998,-1.9425000000000003,-2.0208333333333335,2.5574999999999997,2.5624999999999996,1099.5,325.5,1207.5,435.5
72,0.59999999999999998,-1.9321666666666668,-2.0208333333333335,2.5261666666666662,2.7708333333333335,326.5,436.5,433.5,551.5
73,0.59999999999999998,-1.95,-2.0208333333333335,2.5500000000000003,2.5624999999999996,870.5,210.5,978.5,320.5
74,0.59999999999999998,-1.9575,-2.0208333333333335,2.5425,2.7708333333333335,434.5,436.5,542.5,551.5
75,0.59999999999999998,-1.9316666666666669,-2.1875,2.526666666666666,2.5624999999999996,0.5,321.5,107.5,435.5
76,0.59999999999999998,-1.9281666666666668,-2.0208333333333335,2.5301666666666662,2.7708333333333335,543.5,436.5,650.5,551.5
77,0.59999999999999998,-1.9330000000000003,-2.0208333333333335,2.5669999999999997,2.8124999999999996,917.5,1135.5,1025.5,1251.5
78,0.59999999999999998,-1.9363333333333335,-2.1875,2.4803333333333333,2.8124999999999996,1079.5,1616.5,1185.5,1736.5
79,0.59999999999999998,-1.9235,-2.0208333333333335,2.5765000000000002,2.7708333333333335,874.5,436.5,982.5,551.5
80,0.59999999999999998,-1.9778333333333336,-2.0208333333333335,2.5638333333333332,2.7708333333333335,983.5,436.5,1092.5,551.5
81,0.59999999999999998,-1.9708333333333332,-2.0208333333333335,2.5708333333333337,2.5624999999999996,1208.5,325.5,1317.5,435.5
82,0.59999999999999998,-1.9281666666666668,-2.0208333333333335,2.5301666666666662,2.5624999999999996,762.5,210.5,869.5,320.5
83,0.59999999999999998,-1.95,-2.0208333333333335,2.5500000000000003,2.5624999999999996,653.5,210.5,761.5,320.5
84,0.59999999999999998,-1.9261666666666668,-2.1875,2.532166666666666,2.5624999999999996,1309.5,437.5,1416.5,551.5
85,0.59999999999999998,-1.9321666666666668,-2.1875,2.5261666666666662,2.5624999999999996,1201.5,437.5,1308.5,551.5
86,0.59999999999999998,-1.9061666666666668,-2.0208333333333335,2.552166666666666,2.5624999999999996,1089.5,210.5,1196.5,320.5
87,0.59999999999999998,-1.95,-2.0208333333333335,2.5500000000000003,2.5624999999999996,108.5,210.5,216.5,320.5
88,0.59999999999999998,-1.9665000000000004,-2.0208333333333335,2.5334999999999996,2.7291666666666665,108.5,321.5,216.5,435.5
89,0.59999999999999998,-1.9291666666666667,-2.0208333333333335,2.5291666666666659,2.5624999999999996,0.5,210.5,107.5,320.5
90,0.59999999999999998,-1.9708333333333334,-2.0208333333333335,2.5708333333333333,2.5624999999999996,979.5,210.5,1088.5,320.5
91,0.59999999999999998,-1.9916666666666667,-2.0208333333333335,2.5916666666666659,2.5624999999999996,1535.5,325.5,1645.5,435.5
92,0.59999999999999998,-1.9708333333333334,-2.0208333333333335,2.5708333333333333,2.5624999999999996,989.5,325.5,1098.5,435.5
93,0.59999999999999998,-1.9708333333333334,-2.1875,2.5708333333333333,2.5624999999999996,1536.5,437.5,1645.5,551.5
94,0.59999999999999998,-1.9291666666666665,-2.0208333333333335,2.5291666666666659,2.5624999999999996,217.5,210.5,324.5,320.5
95,0.59999999999999998,-1.9391666666666667,-2.145833333333333,2.5191666666666661,2.8541666666666665,1186.5,1616.5,1293.5,1736.5
96,0.59999999999999998,-1.7833333333333334,-2.145833333333333,2.3833333333333329,2.8541666666666665,1294.5,1616.5,1394.5,1736.5
97,0.59999999999999998,-1.9191666666666667,-2.145833333333333,2.5391666666666661,2.8541666666666665,1395.5,1616.5,1502.5,1736.5
98,0.59999999999999998,-1.9500000000000002,-1.7708333333333335,2.5499999999999994,2.4791666666666661,1168.5,107.5,1276.5,209.5
99,0.59999999999999998,0,0,0,0,0,0,0,0
100,0.59999999999999998,-1.8041666666666667,-2.1875,2.4041666666666659,2.5624999999999996,1635.5,1499.5,1736.5,1613.5
101,0.59999999999999998,-1.9425000000000003,-2.145833333333333,2.5574999999999997,2.7291666666666665,1570.5,1254.5,1678.5,1371.5
102,0.59999999999999998,-1.9490000000000001,-2.0208333333333335,2.5510000000000002,2.7708333333333335,1096.5,552.5,1204.5,667.5
103,0.59999999999999998,-1.9698333333333333,-1.8958333333333333,2.5718333333333336,2.6458333333333335,1302.5,211.5,1411.5,320.5
104,0.59999999999999998,-1.9916666666666665,-2.0208333333333335,2.5916666666666659,2.7708333333333335,874.5,552.5,984.5,667.5
105,0.59999999999999998,-1.7833333333333334,-2.145833333333333,2.3833333333333329,2.8541666666666665,1503.5,1616.5,1603.5,1736.5
106,0.59999999999999998,-1.95,-2.1875,2.5500000000000003,2.7708333333333326,109.5,1252.5,217.5,1371.5
107,0.59999999999999998,-1.9083333333333332,-1.3958333333333335,2.5083333333333337,2.8124999999999991,1483.5,108.5,1589.5,209.5
108,0.59999999999999998,-1.9708333333333332,-1.8958333333333333,2.5708333333333337,2.7708333333333335,555.5,323.5,664.5,435.5
109,0.59999999999999998,-1.8483333333333334,-1.5625,2.4433333333333334,2.770833333333333,854.5,105.5,957.5,209.5
110,0.59999999999999998,-1.9931666666666665,-1.9791666666666667,2.5901666666666663,2.520833333333333,0.5,101.5,110.5,209.5
111,0.59999999999999998,-1.9083333333333332,-1.8541666666666667,2.5083333333333337,2.4375,958.5,106.5,1064.5,209.5
112,0.59999999999999998,-1.8666666666666665,-1.7291666666666667,2.4666666666666659,2.395833333333333,215.5,1.5,319.5,100.5
113,0.59999999999999998,-1.9708333333333332,-1.8958333333333333,2.5708333333333337,2.7708333333333335,445.5,323.5,554.5,435.5
114,0.59999999999999998,-1.8875,-1.3541666666666667,2.4875000000000003,2.770833333333333,0.5,1.5,105.5,100.5
115,0.59999999999999998,-1.8666666666666667,-1.6041666666666667,2.4666666666666659,2.770833333333333,749.5,104.5,853.5,209.5
116,0.59999999999999998,-1.9470000000000003,-2.0208333333333335,2.5529999999999995,2.6041666666666665,772.5,324.5,880.5,435.5
117,0.59999999999999998,-1.8641666666666665,-1.6458333333333335,2.4691666666666663,2.8541666666666661,217.5,101.5,321.5,209.5
118,0.59999999999999998,-1.8860000000000003,-1.6458333333333335,2.4889999999999994,2.8541666666666661,111.5,101.5,216.5,209.5
119,0.59999999999999998,-1.7910000000000001,-1.3958333333333335,2.4590000000000001,2.8124999999999991,1380.5,108.5,1482.5,209.5
120,0.59999999999999998,-1.9276666666666669,-2.1875,2.530666666666666,2.5624999999999996,1093.5,437.5,1200.5,551.5
121,0.59999999999999998,-1.9620000000000002,-2.1875,2.5379999999999998,2.7708333333333326,218.5,1252.5,326.5,1371.5
122,0.59999999999999998,-1.8041666666666667,-1.7708333333333335,2.4041666666666659,2.4791666666666661,1635.5,1390.5,1736.5,1492.5
123,0.59999999999999998,-1.8130000000000002,-2.2291666666666665,2.4369999999999994,2.020833333333333,1065.5,107.5,1167.5,209.5
124,0.59999999999999998,-1.8724999999999998,-1.6458333333333335,2.5024999999999999,2.8541666666666661,1523.5,212.5,1628.5,320.5
125,0.59999999999999998,-1.8458333333333332,-1.5625,2.4458333333333337,2.770833333333333,1633.5,679.5,1736.5,783.5
126,0.59999999999999998,-1.9901666666666666,-1.9791666666666667,2.593166666666666,2.520833333333333,1412.5,212.5,1522.5,320.5
160,0.59999999999999998,-1.9916666666666665,-2.0208333333333335,2.5916666666666659,2.9791666666666665,1604.5,1616.5,1714.5,1736.5
161,0.59999999999999998,-1.9299999999999999,-2.0208333333333335,2.5699999999999998,2.7708333333333335,0.5,668.5,108.5,783.5
162,0.59999999999999998,-1.9374999999999998,-2.0208333333333335,2.5625,2.7708333333333335,1575.5,784.5,1683.5,899.5
163,0.59999999999999998,-1.9595000000000002,-2.0208333333333335,2.5404999999999998,2.8124999999999996,1361.5,1135.5,1469.5,1251.5
164,0.59999999999999998,-1.9595000000000002,-2.0208333333333335,2.5404999999999998,2.8124999999999996,1470.5,1135.5,1578.5,1251.5
165,0.59999999999999998,-1.9595000000000002,-2.0208333333333335,2.5404999999999998,2.8124999999999996,218.5,1017.5,326.5,1133.5
166,0.59999999999999998,-1.9595000000000002,-2.0208333333333335,2.5404999999999998,2.8124999999999996,772.5,1017.5,880.5,1133.5
167,0.59999999999999998,-1.9595000000000002,-2.0208333333333335,2.5404999999999998,2.8124999999999996,881.5,1017.5,989.5,1133.5
168,0.59999999999999998,-1.9595000000000002,-2.0208333333333335,2.5404999999999998,2.8541666666666665,0.5,1134.5,108.5,1251.5
169,0.59999999999999998,-1.9723333333333333,-2.0208333333333335,2.5693333333333337,2.5624999999999996,434.5,210.5,543.5,320.5
170,0.59999999999999998,-1.9425000000000003,-2.2291666666666665,2.5574999999999997,2.5625,676.5,784.5,784.5,899.5
171,0.59999999999999998,-1.95,-2.0208333333333335,2.5500000000000003,2.8124999999999996,1099.5,1017.5,1207.5,1133.5
172,0.59999999999999998,-1.95,-2.0208333333333335,2.5500000000000003,2.8124999999999996,1208.5,1017.5,1316.5,1133.5
173,0.59999999999999998,-1.95,-2.0208333333333335,2.5500000000000003,2.8124999999999996,1317.5,1017.5,1425.5,1133.5
174,0.59999999999999998,-1.95,-2.0208333333333335,2.5500000000000003,2.8124999999999996,1426.5,1017.5,1534.5,1133.5
175,0.59999999999999998,-1.9330000000000003,-2.0208333333333335,2.5669999999999997,2.8124999999999996,1535.5,1017.5,1643.5,1133.5
176,0.59999999999999998,-1.9330000000000003,-2.0208333333333335,2.5669999999999997,2.8124999999999996,0.5,900.5,108.5,1016.5
177,0.59999999999999998,-1.9330000000000003,-2.0208333333333335,2.5669999999999997,2.8124999999999996,541.5,900.5,649.5,1016.5
178,0.59999999999999998,-1.9330000000000003,-2.0208333333333335,2.5669999999999997,2.8124999999999996,650.5,900.5,758.5,1016.5
179,0.59999999999999998,-1.9500000000000002,-2.0208333333333335,2.5499999999999994,2.7708333333333335,1519.5,901.5,1627.5,1016.5
180,0.59999999999999998,-1.9281666666666668,-2.0208333333333335,2.5301666666666662,2.8124999999999996,1304.5,900.5,1411.5,1016.5
181,0.59999999999999998,-1.95,-2.0208333333333335,2.5500000000000003,2.8124999999999996,1195.5,900.5,1303.5,1016.5
182,0.59999999999999998,-1.95,-2.0208333333333335,2.5500000000000003,2.8124999999999996,1086.5,900.5,1194.5,1016.5
183,0.59999999999999998,-1.95,-2.0208333333333335,2.5500000000000003,2.8124999999999996,977.5,900.5,1085.5,1016.5
184,0.59999999999999998,-1.95,-2.0208333333333335,2.5500000000000003,2.8124999999999996,868.5,900.5,976.5,1016.5
185,0.59999999999999998,-1.95,-2.0208333333333335,2.5500000000000003,2.8124999999999996,759.5,900.5,867.5,1016.5
186,0.59999999999999998,-1.9083333333333332,-1.9791666666666667,2.5083333333333337,2.645833333333333,665.5,324.5,771.5,435.5
187,0.59999999999999998,-1.9916666666666667,-2.0625,2.5916666666666659,2.6041666666666665,334.5,323.5,444.5,435.5
188,0.59999999999999998,-1.9291666666666667,-2.0208333333333335,2.5291666666666659,2.8124999999999996,433.5,900.5,540.5,1016.5
189,0.59999999999999998,-1.9291666666666667,-2.0208333333333335,2.5291666666666659,2.8124999999999996,325.5,900.5,432.5,1016.5
190,0.59999999999999998,-1.9291666666666667,-2.0208333333333335,2.5291666666666659,2.8124999999999996,217.5,900.5,324.5,1016.5
191,0.59999999999999998,-1.9291666666666667,-2.0208333333333335,2.5291666666666659,2.8124999999999996,109.5,900.5,216.5,1016.5
192,0.59999999999999998,-1.9708333333333334,-2.1875,2.5708333333333333,2.8124999999999996,0.5,1493.5,109.5,1613.5
193,0.59999999999999998,-1.9281666666666668,-2.1875,2.5301666666666662,2.7708333333333326,435.5,1252.5,542.5,1371.5
194,0.59999999999999998,-1.9708333333333334,-2.1875,2.5708333333333333,2.8124999999999996,110.5,1493.5,219.5,1613.5
195,0.59999999999999998,-1.9708333333333334,-2.0208333333333335,2.5708333333333333,2.9374999999999996,543.5,1252.5,652.5,1371.5
196,0.59999999999999998,-1.9595000000000002,-2.0208333333333335,2.5404999999999998,2.7708333333333335,567.5,784.5,675.5,899.5
197,0.59999999999999998,-1.9708333333333334,-2.0208333333333335,2.5708333333333333,2.9791666666666665,220.5,1493.5,329.5,1613.5
198,0.59999999999999998,-1.9595000000000002,-2.0208333333333335,2.5404999999999998,2.8124999999999996,990.5,1017.5,1098.5,1133.5
199,0.59999999999999998,-1.9856666666666667,-2.2291666666666665,2.5976666666666661,2.770833333333333,330.5,1493.5,440.5,1613.5
200,0.59999999999999998,-1.9528333333333332,-2.2291666666666665,2.5888333333333335,2.5625,1242.5,784.5,1351.5,899.5
201,0.59999999999999998,-1.9420000000000002,-2.0208333333333335,2.5579999999999994,2.9791666666666665,441.5,1493.5,549.5,1613.5
202,0.59999999999999998,-1.9425000000000003,-2.0208333333333335,2.5574999999999997,2.8124999999999996,554.5,1017.5,662.5,1133.5
203,0.59999999999999998,-1.9420000000000002,-2.0208333333333335,2.5579999999999994,2.9791666666666665,550.5,1493.5,658.5,1613.5
204,0.59999999999999998,-1.9425000000000003,-2.0208333333333335,2.5574999999999997,2.8124999999999996,327.5,1017.5,435.5,1133.5
205,0.59999999999999998,-1.9420000000000002,-2.0208333333333335,2.5579999999999994,2.9791666666666665,659.5,1493.5,767.5,1613.5
206,0.59999999999999998,-1.9425000000000003,-2.0208333333333335,2.5574999999999997,2.8124999999999996,109.5,1017.5,217.5,1133.5
207,0.59999999999999998,-1.9420000000000002,-2.0208333333333335,2.5579999999999994,2.9791666666666665,768.5,1493.5,876.5,1613.5
208,0.59999999999999998,-1.9425000000000003,-2.0208333333333335,2.5574999999999997,2.8124999999999996,1579.5,1135.5,1687.5,1251.5
209,0.59999999999999998,-1.9450000000000001,-2.0208333333333335,2.5550000000000002,2.9791666666666665,877.5,1493.5,985.5,1613.5
210,0.59999999999999998,-1.9591666666666667,-2.0208333333333335,2.6241666666666661,2.7708333333333335,109.5,668.5,219.5,783.5
211,0.59999999999999998,-1.9983333333333333,-2.0208333333333335,2.5433333333333334,2.7708333333333335,654.5,552.5,763.5,667.5
212,0.59999999999999998,-1.9348333333333336,-2.0208333333333335,2.6068333333333329,2.7708333333333335,1205.5,552.5,1314.5,667.5
213,0.59999999999999998,-1.9221666666666668,-2.0208333333333335,2.536166666666666,2.9374999999999996,653.5,1252.5,760.5,1371.5
214,0.59999999999999998,-1.95,-2.0208333333333335,2.5500000000000003,2.7708333333333335,109.5,552.5,217.5,667.5
215,0.59999999999999998,-1.9221666666666668,-2.0208333333333335,2.536166666666666,2.9791666666666665,986.5,1493.5,1093.5,1613.5
216,0.59999999999999998,-1.95,-2.0208333333333335,2.5500000000000003,2.8124999999999996,0.5,1017.5,108.5,1133.5
217,0.59999999999999998,-1.9221666666666668,-2.0208333333333335,2.536166666666666,2.9791666666666665,1094.5,1493.5,1201.5,1613.5
218,0.59999999999999998,-1.95,-2.0208333333333335,2.5500000000000003,2.8124999999999996,663.5,1017.5,771.5,1133.5
219,0.59999999999999998,-1.9201666666666668,-2.2291666666666665,2.5381666666666662,2.770833333333333,1202.5,1493.5,1309.5,1613.5
220,0.59999999999999998,-1.9291666666666667,-2.2291666666666665,2.5291666666666659,2.5625,894.5,784.5,1001.5,899.5
221,0.59999999999999998,-1.9221666666666668,-2.0208333333333335,2.536166666666666,2.9791666666666665,1310.5,1493.5,1417.5,1613.5
222,0.59999999999999998,-1.95,-2.0208333333333335,2.5500000000000003,2.8124999999999996,1026.5,1135.5,1134.5,1251.5
223,0.59999999999999998,-1.9460000000000002,-2.0208333333333335,2.5539999999999994,2.9791666666666665,1418.5,1493.5,1526.5,1613.5
224,0.59999999999999998,-1.9316666666666669,-2.1875,2.526666666666666,2.8124999999999996,1527.5,1493.5,1634.5,1613.5
225,0.59999999999999998,-1.9460000000000002,-2.0208333333333335,2.5539999999999994,2.9791666666666665,0.5,1372.5,108.5,1492.5
226,0.59999999999999998,-1.9316666666666669,-2.1875,2.526666666666666,2.8124999999999996,109.5,1372.5,216.5,1492.5
227,0.59999999999999998,-1.9460000000000002,-2.0208333333333335,2.5539999999999994,2.9791666666666665,435.5,1372.5,543.5,1492.5
228,0.59999999999999998,-1.9316666666666669,-2.1875,2.526666666666666,2.8124999999999996,544.5,1372.5,651.5,1492.5
229,0.59999999999999998,-1.9460000000000002,-2.270833333333333,2.5539999999999994,2.7708333333333335,108.5,1615.5,216.5,1736.5
230,0.59999999999999998,-1.9316666666666669,-2.1875,2.526666666666666,2.8958333333333326,0.5,1614.5,107.5,1736.5
231,0.59999999999999998,-1.9291666666666665,-2.0208333333333335,2.5291666666666659,2.9791666666666665,652.5,1372.5,759.5,1492.5
232,0.59999999999999998,-2.0566666666666666,-2.0208333333333335,2.526666666666666,2.9791666666666665,982.5,1372.5,1092.5,1492.5
233,0.59999999999999998,-1.9916666666666667,-2.0208333333333335,2.5916666666666659,2.7708333333333335,653.5,668.5,763.5,783.5
234,0.59999999999999998,-2.0083333333333333,-2.0208333333333335,2.5333333333333337,2.7708333333333335,764.5,668.5,873.5,783.5
235,0.59999999999999998,-1.9291666666666667,-2.0208333333333335,2.5291666666666659,2.9791666666666665,1201.5,1372.5,1308.5,1492.5
236,0.59999999999999998,-1.9330000000000003,-2.0208333333333335,2.5669999999999997,2.8124999999999996,808.5,1135.5,916.5,1251.5
237,0.59999999999999998,-1.9291666666666667,-2.0208333333333335,2.5291666666666659,2.9374999999999996,327.5,1252.5,434.5,1371.5
238,0.59999999999999998,-1.9330000000000003,-2.0208333333333335,2.5669999999999997,2.7708333333333335,1628.5,901.5,1736.5,1016.5
239,0.59999999999999998,-1.9291666666666667,-2.0208333333333335,2.5291666666666659,2.9791666666666665,1417.5,1372.5,1524.5,1492.5
240,0.59999999999999998,-1.9330000000000003,-2.0208333333333335,2.5669999999999997,2.8124999999999996,1135.5,1135.5,1243.5,1251.5
241,0.59999999999999998,-1.9291666666666667,-2.2291666666666665,2.5291666666666659,2.770833333333333,1309.5,1372.5,1416.5,1492.5
242,0.59999999999999998,-1.9330000000000003,-2.2291666666666665,2.5669999999999997,2.8125,217.5,1615.5,325.5,1736.5
243,0.59999999999999998,-1.9291666666666667,-2.0208333333333335,2.5291666666666659,2.9791666666666665,1093.5,1372.5,1200.5,1492.5
244,0.59999999999999998,-1.9330000000000003,-2.0208333333333335,2.5669999999999997,2.5624999999999996,325.5,210.5,433.5,320.5
245,0.59999999999999998,-1.9750000000000001,-2.0208333333333335,2.6499999999999999,2.9791666666666665,870.5,1372.5,981.5,1492.5
246,0.59999999999999998,-1.9423333333333332,-2.1875,2.5993333333333335,2.8124999999999996,760.5,1372.5,869.5,1492.5
247,0.59999999999999998,-1.9275,-2.270833333333333,2.5725000000000002,2.7708333333333335,326.5,1615.5,434.5,1736.5
248,0.59999999999999998,-1.9235,-2.270833333333333,2.5765000000000002,2.7708333333333335,435.5,1615.5,543.5,1736.5
249,0.59999999999999998,-1.919,-2.0208333333333335,2.581,2.5624999999999996,544.5,210.5,652.5,320.5
250,0.59999999999999998,-1.8971666666666669,-2.0208333333333335,2.5611666666666659,2.9791666666666665,327.5,1372.5,434.5,1492.5
251,0.59999999999999998,-1.9778333333333336,-2.0208333333333335,2.5638333333333332,2.9791666666666665,217.5,1372.5,326.5,1492.5
252,0.59999999999999998,-1.8906666666666667,-2.270833333333333,2.5676666666666663,2.7708333333333335,544.5,1615.5,651.5,1736.5
253,0.59999999999999998,-1.9778333333333336,-2.270833333333333,2.5638333333333332,2.7708333333333335,652.5,1615.5,761.5,1736.5
254,0.59999999999999998,-1.8906666666666667,-2.0208333333333335,2.5676666666666663,2.7708333333333335,0.5,436.5,107.5,551.5
255,0.59999999999999998,-1.9778333333333336,-2.0208333333333335,2.5638333333333332,2.7708333333333335,108.5,436.5,217.5,551.5
8208,0.59999999999999998,-2.0006666666666666,-2.0625,2.832666666666666,2.8124999999999996,109.5,1134.5,225.5,1251.5
8209,0.59999999999999998,-2.0006666666666666,-2.0625,2.832666666666666,2.8124999999999996,343.5,1134.5,459.5,1251.5
8210,0.59999999999999998,-2.0201666666666669,-2.0208333333333335,2.6881666666666661,2.7708333333333335,1352.5,784.5,1465.5,899.5
8211,0.59999999999999998,-2,-2.0208333333333335,2.75,2.7708333333333335,651.5,436.5,765.5,551.5
8212,0.59999999999999998,-2,-2.1041666666666665,2.75,2.8125,1106.5,1253.5,1220.5,1371.5
8213,0.59999999999999998,-2.0006666666666666,-2.0625,2.832666666666666,2.8124999999999996,577.5,1134.5,693.5,1251.5
8216,0.59999999999999998,-2.0006666666666666,-2.0625,2.832666666666666,2.8124999999999996,460.5,1134.5,576.5,1251.5
8217,0.59999999999999998,-2.0194268631813128,-2.0625,2.8555731368186872,2.7708333333333326,436.5,1017.5,553.5,1133.5
8218,0.59999999999999998,-2.019166666666667,-2.0625,2.814166666666666,2.8124999999999996,226.5,1134.5,342.5,1251.5
8219,0.59999999999999998,-2.0003333333333333,-2.0208333333333335,2.9163333333333337,2.7708333333333335,1123.5,784.5,1241.5,899.5
8220,0.59999999999999998,-2,-2.0208333333333335,3,2.7708333333333335,1002.5,784.5,1122.5,899.5
8221,0.59999999999999998,-2.0003333333333333,-2.0208333333333335,2.9163333333333337,2.7708333333333335,339.5,784.5,457.5,899.5
8222,0.59999999999999998,-2,-2.0208333333333335,3,2.7708333333333335,110.5,784.5,230.5,899.5
8223,0.59999999999999998,-2.0206666666666666,-2.0625,2.812666666666666,2.7708333333333326,1244.5,1135.5,1360.5,1251.5
8224,0.59999999999999998,-1.895,-1.9375,2.48,2.479166666666667,431.5,103.5,536.5,209.5
8225,0.59999999999999998,-1.6879999999999999,-1.9375,2.6870000000000003,2.479166666666667,643.5,103.5,748.5,209.5
8226,0.59999999999999998,-1.7706666666666668,-2.0625,2.562666666666666,2.4791666666666665,1197.5,211.5,1301.5,320.5
8230,0.59999999999999998,-1.895,-1.7291666666666667,2.48,2.6875,537.5,103.5,642.5,209.5
8242,0.59999999999999998,-2.0046666666666666,-2.1041666666666665,2.828666666666666,2.8125,989.5,1253.5,1105.5,1371.5
8243,0.59999999999999998,-2.0006666666666666,-2.1041666666666665,2.832666666666666,2.8125,872.5,1253.5,988.5,1371.5
8249,0.59999999999999998,-2,-2.0625,2.75,2.8124999999999996,1455.5,1254.5,1569.5,1371.5
8250,0.59999999999999998,-2.0006666666666666,-2.0625,2.832666666666666,2.8124999999999996,1221.5,1254.5,1337.5,1371.5
8260,0.59999999999999998,-2.0203333333333333,-2.0208333333333335,2.8963333333333332,2.7291666666666665,1417.5,437.5,1535.5,551.5
8722,0.59999999999999998,-1.9916666666666667,-2.1041666666666665,2.5916666666666659,2.8541666666666661,761.5,1252.5,871.5,1371.5
8734,0.59999999999999998,-1.9291666666666667,-2.0208333333333335,2.5291666666666659,2.7708333333333335,766.5,436.5,873.5,551.5
8776,0.59999999999999998,-2.0006666666666666,-1.9791666666666667,2.832666666666666,2.7291666666666661,217.5,322.5,333.5,435.5
8800,0.59999999999999998,-1.9291666666666667,-2.0208333333333335,2.5291666666666659,2.7708333333333335,231.5,784.5,338.5,899.5
8804,0.59999999999999998,-2.0006666666666666,-2.0625,2.832666666666666,2.8124999999999996,1338.5,1254.5,1454.5,1371.5
8805,0.59999999999999998,-2.0190464743589742,-2.0625,2.6892868589743584,2.8124999999999996,694.5,1134.5,807.5,1251.5
